{
  "accuracy": 0.16631646263475242,
  "precision": 0.9243872447647457,
  "recall": 0.16631646263475242,
  "f1_score": 0.11682221348392724,
  "confusion_matrix": [
    [
      34,
      14070,
      767,
      2676,
      571
    ],
    [
      0,
      534,
      8,
      14,
      0
    ],
    [
      0,
      30,
      1328,
      81,
      9
    ],
    [
      0,
      2,
      4,
      156,
      0
    ],
    [
      0,
      14,
      2,
      3,
      1589
    ]
  ],
  "classification_report": {
    "Normal (N)": {
      "precision": 1.0,
      "recall": 0.0018765868197372778,
      "f1-score": 0.00374614367562803,
      "support": 18118.0
    },
    "Supraventricular (S)": {
      "precision": 0.03645051194539249,
      "recall": 0.960431654676259,
      "f1-score": 0.07023543338155991,
      "support": 556.0
    },
    "Ventricular (V)": {
      "precision": 0.6296823138928402,
      "recall": 0.9171270718232044,
      "f1-score": 0.7466966544841158,
      "support": 1448.0
    },
    "Fusion (F)": {
      "precision": 0.05324232081911263,
      "recall": 0.9629629629629629,
      "f1-score": 0.10090556274256145,
      "support": 162.0
    },
    "Unknown (Q)": {
      "precision": 0.7325956662056247,
      "recall": 0.9881840796019901,
      "f1-score": 0.8414085252846174,
      "support": 1608.0
    },
    "accuracy": 0.16631646263475242,
    "macro avg": {
      "precision": 0.490394162572594,
      "recall": 0.7661164711768308,
      "f1-score": 0.3525984639136965,
      "support": 21892.0
    },
    "weighted avg": {
      "precision": 0.9243872447647457,
      "recall": 0.16631646263475242,
      "f1-score": 0.11682221348392724,
      "support": 21892.0
    }
  },
  "referral_rate": 0.21797917047323223,
  "non_referred_accuracy": 0.20771028037383177,
  "referred_accuracy": 0.017812238055322716,
  "expected_calibration_error": 0.6621671919383363,
  "mean_confidence": 0.8284836411476135,
  "confidence_std": 0.17693394422531128
}