{
  "models": [
    "Random Forest",
    "SVM (RBF)",
    "XGBoost",
    "Hybrid CNN"
  ],
  "test_accuracies": [
    0.9652384432669469,
    0.9137584505755527,
    0.9547323223095194,
    0.723780376393203
  ],
  "macro_f1_scores": [
    0.8475949973737855,
    0.7314205576540999,
    0.8235337826440272,
    0.5952109858067078
  ],
  "weighted_f1_scores": [
    0.9637560552921903,
    0.9281083356059688,
    0.9572826525469879,
    0.7950463105213211
  ],
  "training_times": [
    "23.7s",
    "4.2min",
    "4.8s",
    "1.1hr"
  ],
  "detailed_results": [
    {
      "model_name": "Random Forest",
      "test_accuracy": 0.9652384432669469,
      "train_accuracy": 0.9963284157363105,
      "macro_f1": 0.8475949973737855,
      "weighted_f1": 0.9637560552921903,
      "per_class_precision": [
        0.9703627726193047,
        0.8620689655172413,
        0.9434850863422292,
        0.6833333333333333,
        0.9798308392973325
      ],
      "per_class_recall": [
        0.992107296611105,
        0.5845323741007195,
        0.830110497237569,
        0.7592592592592593,
        0.9365671641791045
      ],
      "per_class_f1": [
        0.9811145679820971,
        0.6966773847802786,
        0.8831741366642175,
        0.7192982456140351,
        0.9577106518282988
      ],
      "confusion_matrix": [
        [
          17975,
          50,
          46,
          33,
          14
        ],
        [
          221,
          325,
          9,
          1,
          0
        ],
        [
          204,
          2,
          1202,
          23,
          17
        ],
        [
          33,
          0,
          6,
          123,
          0
        ],
        [
          91,
          0,
          11,
          0,
          1506
        ]
      ],
      "classification_report": {
        "Normal (N)": {
          "precision": 0.9703627726193047,
          "recall": 0.992107296611105,
          "f1-score": 0.9811145679820971,
          "support": 18118.0
        },
        "Supraventricular (S)": {
          "precision": 0.8620689655172413,
          "recall": 0.5845323741007195,
          "f1-score": 0.6966773847802786,
          "support": 556.0
        },
        "Ventricular (V)": {
          "precision": 0.9434850863422292,
          "recall": 0.830110497237569,
          "f1-score": 0.8831741366642175,
          "support": 1448.0
        },
        "Fusion (F)": {
          "precision": 0.6833333333333333,
          "recall": 0.7592592592592593,
          "f1-score": 0.7192982456140351,
          "support": 162.0
        },
        "Unknown (Q)": {
          "precision": 0.9798308392973325,
          "recall": 0.9365671641791045,
          "f1-score": 0.9577106518282988,
          "support": 1608.0
        },
        "accuracy": 0.9652384432669469,
        "macro avg": {
          "precision": 0.8878161994218882,
          "recall": 0.8205153182775515,
          "f1-score": 0.8475949973737855,
          "support": 21892.0
        },
        "weighted avg": {
          "precision": 0.9644060594627175,
          "recall": 0.9652384432669469,
          "f1-score": 0.9637560552921903,
          "support": 21892.0
        }
      },
      "training_time_seconds": 23.712673664093018,
      "training_time_display": "23.7s",
      "feature_importance": [
        0.04297271074224758,
        0.0343823879585114,
        0.009102129041065773,
        0.11275223647573934,
        0.05936959235034576,
        0.06615536097166715,
        0.04914462432173018,
        0.04138615342090405,
        0.03240363944954831,
        0.037122561013860036,
        0.04026198466821841,
        0.0010092373861822102,
        0.0001192983820151019,
        0.0,
        0.047215054198641276,
        0.052909270790888564,
        0.029541122832780292,
        0.02491237479803418,
        0.06931704057325712,
        0.06136094410625305,
        0.04564419160276535,
        0.024655799155734546,
        0.06421388732362222,
        0.054048398435988125,
        0.0
      ]
    },
    {
      "model_name": "SVM (RBF)",
      "test_accuracy": 0.9137584505755527,
      "train_accuracy": 0.9302333333333334,
      "macro_f1": 0.7314205576540999,
      "weighted_f1": 0.9281083356059688,
      "per_class_precision": [
        0.9867246100726277,
        0.3022440392706872,
        0.8527486910994765,
        0.29191321499013806,
        0.9473361910593999
      ],
      "per_class_recall": [
        0.914836074621923,
        0.7751798561151079,
        0.8998618784530387,
        0.9135802469135802,
        0.9620646766169154
      ],
      "per_class_f1": [
        0.9494214686676595,
        0.43491422805247226,
        0.8756720430107527,
        0.44245142002989535,
        0.9546436285097192
      ],
      "confusion_matrix": [
        [
          16575,
          974,
          186,
          313,
          70
        ],
        [
          110,
          431,
          9,
          6,
          0
        ],
        [
          76,
          16,
          1303,
          37,
          16
        ],
        [
          6,
          0,
          8,
          148,
          0
        ],
        [
          31,
          5,
          22,
          3,
          1547
        ]
      ],
      "classification_report": {
        "Normal (N)": {
          "precision": 0.9867246100726277,
          "recall": 0.914836074621923,
          "f1-score": 0.9494214686676595,
          "support": 18118.0
        },
        "Supraventricular (S)": {
          "precision": 0.3022440392706872,
          "recall": 0.7751798561151079,
          "f1-score": 0.43491422805247226,
          "support": 556.0
        },
        "Ventricular (V)": {
          "precision": 0.8527486910994765,
          "recall": 0.8998618784530387,
          "f1-score": 0.8756720430107527,
          "support": 1448.0
        },
        "Fusion (F)": {
          "precision": 0.29191321499013806,
          "recall": 0.9135802469135802,
          "f1-score": 0.44245142002989535,
          "support": 162.0
        },
        "Unknown (Q)": {
          "precision": 0.9473361910593999,
          "recall": 0.9620646766169154,
          "f1-score": 0.9546436285097192,
          "support": 1608.0
        },
        "accuracy": 0.9137584505755527,
        "macro avg": {
          "precision": 0.6761933492984659,
          "recall": 0.893104546544113,
          "f1-score": 0.7314205576540999,
          "support": 21892.0
        },
        "weighted avg": {
          "precision": 0.9524443089664868,
          "recall": 0.9137584505755527,
          "f1-score": 0.9281083356059688,
          "support": 21892.0
        }
      },
      "training_time_seconds": 251.15320444107056,
      "training_time_display": "4.2min"
    },
    {
      "model_name": "XGBoost",
      "test_accuracy": 0.9547323223095194,
      "train_accuracy": 0.9779704944178629,
      "macro_f1": 0.8235337826440272,
      "weighted_f1": 0.9572826525469879,
      "per_class_precision": [
        0.9864513943773286,
        0.535064935064935,
        0.8681102362204725,
        0.5465116279069767,
        0.9538745387453874
      ],
      "per_class_recall": [
        0.9644552378849762,
        0.7410071942446043,
        0.9136740331491713,
        0.8703703703703703,
        0.9645522388059702
      ],
      "per_class_f1": [
        0.9753293145791472,
        0.6214177978883861,
        0.8903095558546433,
        0.6714285714285714,
        0.9591836734693877
      ],
      "confusion_matrix": [
        [
          17474,
          346,
          152,
          87,
          59
        ],
        [
          125,
          412,
          17,
          2,
          0
        ],
        [
          74,
          9,
          1323,
          26,
          16
        ],
        [
          9,
          0,
          12,
          141,
          0
        ],
        [
          32,
          3,
          20,
          2,
          1551
        ]
      ],