{
  "model_name": "Hybrid CNN",
  "test_accuracy": 0.723780376393203,
  "train_accuracy": 0.93046875,
  "macro_f1": 0.5952109858067078,
  "weighted_f1": 0.7950463105213211,
  "per_class_precision": [
    0.9983609244386166,
    0.11242476354256234,
    0.7334041423260754,
    0.11764705882352941,
    0.8764352104975396
  ],
  "per_class_recall": [
    0.6723700187658682,
    0.9406474820143885,
    0.9537292817679558,
    0.9629629629629629,
    0.9968905472636815
  ],
  "per_class_f1": [
    0.8035620052770448,
    0.20084485407066052,
    0.8291804262984089,
    0.20967741935483872,
    0.9327902240325866
  ],
  "confusion_matrix": [
    [
      12182,
      4117,
      485,
      1114,
      220
    ],
    [
      11,
      523,
      11,
      9,
      2
    ],
    [
      7,
      10,
      1381,
      46,
      4
    ],
    [
      0,
      1,
      5,
      156,
      0
    ],
    [
      2,
      1,
      1,
      1,
      1603
    ]
  ],
  "classification_report": {
    "Normal (N)": {
      "precision": 0.9983609244386166,
      "recall": 0.6723700187658682,
      "f1-score": 0.8035620052770448,
      "support": 18118.0
    },
    "Supraventricular (S)": {
      "precision": 0.11242476354256234,
      "recall": 0.9406474820143885,
      "f1-score": 0.20084485407066052,
      "support": 556.0
    },
    "Ventricular (V)": {
      "precision": 0.7334041423260754,
      "recall": 0.9537292817679558,
      "f1-score": 0.8291804262984089,
      "support": 1448.0
    },
    "Fusion (F)": {
      "precision": 0.11764705882352941,
      "recall": 0.9629629629629629,
      "f1-score": 0.20967741935483872,
      "support": 162.0
    },
    "Unknown (Q)": {
      "precision": 0.8764352104975396,
      "recall": 0.9968905472636815,
      "f1-score": 0.9327902240325866,
      "support": 1608.0
    },
    "accuracy": 0.723780376393203,
    "macro avg": {
      "precision": 0.5676544199256647,
      "recall": 0.9053200585549714,
      "f1-score": 0.5952109858067078,
      "support": 21892.0
    },
    "weighted avg": {
      "precision": 0.9428625633841646,
      "recall": 0.723780376393203,
      "f1-score": 0.7950463105213211,
      "support": 21892.0
    }
  },
  "training_time_seconds": 3812.106183052063,
  "training_time_display": "1.1hr",
  "epochs_trained": 50,
  "best_val_accuracy": 0,
  "parameters": 272773
}