{
  "model_name": "Random Forest",
  "test_accuracy": 0.9652384432669469,
  "train_accuracy": 0.9963284157363105,
  "macro_f1": 0.8475949973737855,
  "weighted_f1": 0.9637560552921903,
  "per_class_precision": [
    0.9703627726193047,
    0.8620689655172413,
    0.9434850863422292,
    0.6833333333333333,
    0.9798308392973325
  ],
  "per_class_recall": [
    0.992107296611105,
    0.5845323741007195,
    0.830110497237569,
    0.7592592592592593,
    0.9365671641791045
  ],
  "per_class_f1": [
    0.9811145679820971,
    0.6966773847802786,
    0.8831741366642175,
    0.7192982456140351,
    0.9577106518282988
  ],
  "confusion_matrix": [
    [
      17975,
      50,
      46,
      33,
      14
    ],
    [
      221,
      325,
      9,
      1,
      0
    ],
    [
      204,
      2,
      1202,
      23,
      17
    ],
    [
      33,
      0,
      6,
      123,
      0
    ],
    [
      91,
      0,
      11,
      0,
      1506
    ]
  ],
  "classification_report": {
    "Normal (N)": {
      "precision": 0.9703627726193047,
      "recall": 0.992107296611105,
      "f1-score": 0.9811145679820971,
      "support": 18118.0
    },
    "Supraventricular (S)": {
      "precision": 0.8620689655172413,
      "recall": 0.5845323741007195,
      "f1-score": 0.6966773847802786,
      "support": 556.0
    },
    "Ventricular (V)": {
      "precision": 0.9434850863422292,
      "recall": 0.830110497237569,
      "f1-score": 0.8831741366642175,
      "support": 1448.0
    },
    "Fusion (F)": {
      "precision": 0.6833333333333333,
      "recall": 0.7592592592592593,
      "f1-score": 0.7192982456140351,
      "support": 162.0
    },
    "Unknown (Q)": {
      "precision": 0.9798308392973325,
      "recall": 0.9365671641791045,
      "f1-score": 0.9577106518282988,
      "support": 1608.0
    },
    "accuracy": 0.9652384432669469,
    "macro avg": {
      "precision": 0.8878161994218882,
      "recall": 0.8205153182775515,
      "f1-score": 0.8475949973737855,
      "support": 21892.0
    },
    "weighted avg": {
      "precision": 0.9644060594627175,
      "recall": 0.9652384432669469,
      "f1-score": 0.9637560552921903,
      "support": 21892.0
    }
  },
  "training_time_seconds": 23.712673664093018,
  "training_time_display": "23.7s",
  "feature_importance": [
    0.04297271074224758,
    0.0343823879585114,
    0.009102129041065773,
    0.11275223647573934,
    0.05936959235034576,
    0.06615536097166715,
    0.04914462432173018,
    0.04138615342090405,
    0.03240363944954831,
    0.037122561013860036,
    0.04026198466821841,
    0.0010092373861822102,
    0.0001192983820151019,
    0.0,
    0.047215054198641276,
    0.052909270790888564,
    0.029541122832780292,
    0.02491237479803418,
    0.06931704057325712,
    0.06136094410625305,
    0.04564419160276535,
    0.024655799155734546,
    0.06421388732362222,
    0.054048398435988125,
    0.0
  ]
}