{
  "model_name": "SVM (RBF)",
  "test_accuracy": 0.9137584505755527,
  "train_accuracy": 0.9302333333333334,
  "macro_f1": 0.7314205576540999,
  "weighted_f1": 0.9281083356059688,
  "per_class_precision": [
    0.9867246100726277,
    0.3022440392706872,
    0.8527486910994765,
    0.29191321499013806,
    0.9473361910593999
  ],
  "per_class_recall": [
    0.914836074621923,
    0.7751798561151079,
    0.8998618784530387,
    0.9135802469135802,
    0.9620646766169154
  ],
  "per_class_f1": [
    0.9494214686676595,
    0.43491422805247226,
    0.8756720430107527,
    0.44245142002989535,
    0.9546436285097192
  ],
  "confusion_matrix": [
    [
      16575,
      974,
      186,
      313,
      70
    ],
    [
      110,
      431,
      9,
      6,
      0
    ],
    [
      76,
      16,
      1303,
      37,
      16
    ],
    [
      6,
      0,
      8,
      148,
      0
    ],
    [
      31,
      5,
      22,
      3,
      1547
    ]
  ],
  "classification_report": {
    "Normal (N)": {
      "precision": 0.9867246100726277,
      "recall": 0.914836074621923,
      "f1-score": 0.9494214686676595,
      "support": 18118.0
    },
    "Supraventricular (S)": {
      "precision": 0.3022440392706872,
      "recall": 0.7751798561151079,
      "f1-score": 0.43491422805247226,
      "support": 556.0
    },
    "Ventricular (V)": {
      "precision": 0.8527486910994765,
      "recall": 0.8998618784530387,
      "f1-score": 0.8756720430107527,
      "support": 1448.0
    },
    "Fusion (F)": {
      "precision": 0.29191321499013806,
      "recall": 0.9135802469135802,
      "f1-score": 0.44245142002989535,
      "support": 162.0
    },
    "Unknown (Q)": {
      "precision": 0.9473361910593999,
      "recall": 0.9620646766169154,
      "f1-score": 0.9546436285097192,
      "support": 1608.0
    },
    "accuracy": 0.9137584505755527,
    "macro avg": {
      "precision": 0.6761933492984659,
      "recall": 0.893104546544113,
      "f1-score": 0.7314205576540999,
      "support": 21892.0
    },
    "weighted avg": {
      "precision": 0.9524443089664868,
      "recall": 0.9137584505755527,
      "f1-score": 0.9281083356059688,
      "support": 21892.0
    }
  },
  "training_time_seconds": 251.15320444107056,
  "training_time_display": "4.2min"
}