{
  "model_name": "XGBoost",
  "test_accuracy": 0.9547323223095194,
  "train_accuracy": 0.9779704944178629,
  "macro_f1": 0.8235337826440272,
  "weighted_f1": 0.9572826525469879,
  "per_class_precision": [
    0.9864513943773286,
    0.535064935064935,
    0.8681102362204725,
    0.5465116279069767,
    0.9538745387453874
  ],
  "per_class_recall": [
    0.9644552378849762,
    0.7410071942446043,
    0.9136740331491713,
    0.8703703703703703,
    0.9645522388059702
  ],
  "per_class_f1": [
    0.9753293145791472,
    0.6214177978883861,
    0.8903095558546433,
    0.6714285714285714,
    0.9591836734693877
  ],
  "confusion_matrix": [
    [
      17474,
      346,
      152,
      87,
      59
    ],
    [
      125,
      412,
      17,
      2,
      0
    ],
    [
      74,
      9,
      1323,
      26,
      16
    ],
    [
      9,
      0,
      12,
      141,
      0
    ],
    [
      32,
      3,
      20,
      2,
      1551
    ]
  ],
  "classification_report": {
    "Normal (N)": {
      "precision": 0.9864513943773286,
      "recall": 0.9644552378849762,
      "f1-score": 0.9753293145791472,
      "support": 18118.0
    },
    "Supraventricular (S)": {
      "precision": 0.535064935064935,
      "recall": 0.7410071942446043,
      "f1-score": 0.6214177978883861,
      "support": 556.0
    },
    "Ventricular (V)": {
      "precision": 0.8681102362204725,
      "recall": 0.9136740331491713,
      "f1-score": 0.8903095558546433,
      "support": 1448.0
    },
    "Fusion (F)": {
      "precision": 0.5465116279069767,
      "recall": 0.8703703703703703,
      "f1-score": 0.6714285714285714,
      "support": 162.0
    },
    "Unknown (Q)": {
      "precision": 0.9538745387453874,
      "recall": 0.9645522388059702,
      "f1-score": 0.9591836734693877,
      "support": 1608.0
    },
    "accuracy": 0.9547323223095194,
    "macro avg": {
      "precision": 0.77800254646302,
      "recall": 0.8908118148910183,
      "f1-score": 0.8235337826440272,
      "support": 21892.0
    },
    "weighted avg": {
      "precision": 0.9615115672983421,
      "recall": 0.9547323223095194,
      "f1-score": 0.9572826525469879,
      "support": 21892.0
    }
  },
  "training_time_seconds": 4.753391981124878,
  "training_time_display": "4.8s",
  "feature_importance": [
    0.04156310111284256,
    0.03192540630698204,
    0.02130785956978798,
    0.11621496826410294,
    0.06219290569424629,
    0.05335712432861328,
    0.057552676647901535,
    0.04089660570025444,
    0.026532795280218124,
    0.028537852689623833,
    0.0648016408085823,
    0.003670397447422147,
    0.020709127187728882,
    0.0,
    0.023373804986476898,
    0.061979714781045914,
    0.03211946785449982,
    0.02426937408745289,
    0.07496340572834015,
    0.03566594049334526,
    0.037860095500946045,
    0.015753528103232384,
    0.07769972085952759,
    0.04705243557691574,
    0.0
  ]
}